https://cdn.pacdora.com/image-resize/300xauto_outside/preview/mockup-150010.jpg,https://cdn.pacdora.com/image-resize/300xauto_outside/preview/dieline-150010.png,Custom Dimensions Flip Top Boxes Mailer Dieline 150010
https://cdn.pacdora.com/image-resize/300xauto_outside/preview/mockup-100010.jpg,https://cdn.pacdora.com/image-resize/300xauto_outside/preview/dieline-100010.png,Custom Dimensions Tuck End Boxes Double Tray Dieline 100010
https://cdn.pacdora.com/image-resize/300xauto_outside/preview/mockup-200010.jpg,https://cdn.pacdora.com/image-resize/300xauto_outside/preview/dieline-200010.png,Custom Dimensions Cartons 0201 Dieline 200010
https://cdn.pacdora.com/image-resize/300xauto_outside/preview/mockup-220010.jpg,https://cdn.pacdora.com/image-resize/300xauto_outside/preview/dieline-220010.png,Custom Dimensions Tote Bags Craft Paper Dieline 220010
https://cdn.pacdora.com/image-resize/300xauto_outside/preview/mockup-150011.jpg,https://cdn.pacdora.com/image-resize/300xauto_outside/preview/dieline-150011.png,Custom Dimensions Flip Top Boxes Mailer Dieline 150011
https://cdn.pacdora.com/image-resize/300xauto_outside/preview/mockup-100030.jpg,https://cdn.pacdora.com/image-resize/300xauto_outside/preview/dieline-100030.png,Custom Dimensions Reverse Straight Tuck End Boxes Double Tray Dieline 100030
https://cdn.pacdora.com/image-resize/300xauto_outside/preview/mockup-102010.jpg,https://cdn.pacdora.com/image-resize/300xauto_outside/preview/dieline-102010.png,Custom Dimensions Tuck End Boxes Auto Bottome Snap Lock Dieline 102010
https://cdn.pacdora.com/image-resize/300xauto_outside/preview/mockup-103013.jpg,https://cdn.pacdora.com/image-resize/300xauto_outside/preview/dieline-103013.png,Custom Dimensions Back Open Boxes Window Display Dieline 103013
https://cdn.pacdora.com/image-resize/300xauto_outside/preview/mockup-102615.jpg,https://cdn.pacdora.com/image-resize/300xauto_outside/preview/dieline-102615.png,Custom Dimensions Tuck End Boxes Lock Insert Dieline 102615
https://cdn.pacdora.com/image-resize/300xauto_outside/preview/mockup-100013.jpg,https://cdn.pacdora.com/image-resize/300xauto_outside/preview/dieline-100013.png,Custom Dimensions Tuck End Boxes Double Tray Dieline 100013
https://cdn.pacdora.com/image-resize/300xauto_outside/preview/mockup-150040.jpg,https://cdn.pacdora.com/image-resize/300xauto_outside/preview/dieline-150040.png,Custom Dimensions Magnet Box Flip Top Boxes Dieline 150040
https://cdn.pacdora.com/image-resize/300xauto_outside/preview/mockup-160010.jpg,https://cdn.pacdora.com/image-resize/300xauto_outside/preview/dieline-160010.png,Custom Dimensions Boxes with Lid Corrugated Shoe Dieline 160010
https://cdn.pacdora.com/image-resize/300xauto_outside/preview/mockup-102011.jpg,https://cdn.pacdora.com/image-resize/300xauto_outside/preview/dieline-102011.png,Custom Dimensions Tuck End Boxes Auto Bottome Snap Lock Dieline 102011
https://cdn.pacdora.com/image-resize/300xauto_outside/preview/mockup-102040.jpg,https://cdn.pacdora.com/image-resize/300xauto_outside/preview/dieline-102040.png,Custom Dimensions Auto Bottome Snap Lock Boxes 3-lock Bottom Dieline 102040
https://cdn.pacdora.com/image-resize/300xauto_outside/preview/mockup-150012.jpg,https://cdn.pacdora.com/image-resize/300xauto_outside/preview/dieline-150012.png,Custom Dimensions Flip Top Boxes Nail Buckles Dieline 150012
https://cdn.pacdora.com/image-resize/300xauto_outside/preview/mockup-246020.jpg,https://cdn.pacdora.com/image-resize/300xauto_outside/preview/dieline-246020.png,Custom Dimensions Folders Lock Multi-folders Dieline 246020
https://cdn.pacdora.com/image-resize/300xauto_outside/preview/mockup-220040.jpg,https://cdn.pacdora.com/image-resize/300xauto_outside/preview/dieline-220040.png,Custom Dimensions Tote Bags Hands-free Dieline 220040
https://cdn.pacdora.com/image-resize/300xauto_outside/preview/mockup-128030.jpg,https://cdn.pacdora.com/image-resize/300xauto_outside/preview/dieline-128030.png,Custom Dimensions Sleeve Box Tray Boxes Dieline 128030
https://cdn.pacdora.com/image-resize/300xauto_outside/preview/mockup-112310.jpg,https://cdn.pacdora.com/image-resize/300xauto_outside/preview/dieline-112310.png,Custom Dimensions Tuck End Box Variations Auto Bottome Snap Lock Boxes Dieline 112310
https://cdn.pacdora.com/image-resize/300xauto_outside/preview/mockup-103012.jpg,https://cdn.pacdora.com/image-resize/300xauto_outside/preview/dieline-103012.png,Custom Dimensions Back Open Boxes Auto Bottome Snap Lock Dieline 103012
https://cdn.pacdora.com/image-resize/300xauto_outside/preview/mockup-247030.jpg,https://cdn.pacdora.com/image-resize/300xauto_outside/preview/dieline-247030.png,Custom Dimensions Envelopes Interlocking Buckles Dieline 247030
https://cdn.pacdora.com/image-resize/300xauto_outside/preview/mockup-112320.jpg,https://cdn.pacdora.com/image-resize/300xauto_outside/preview/dieline-112320.png,Custom Dimensions Gable Box Tuck End Box With Handle Dieline 112320
https://cdn.pacdora.com/image-resize/300xauto_outside/preview/mockup-150020.jpg,https://cdn.pacdora.com/image-resize/300xauto_outside/preview/dieline-150020.png,Custom Dimensions Mailer Boxes Flip Top Dieline 150020
https://cdn.pacdora.com/image-resize/300xauto_outside/render/20210427/71c41993-61de-4941-99d5-5876150f0dc10001.jpg,https://cdn.pacdora.com/image-resize/300xauto_outside/preview/dieline-600040.png,Custom Dimensions Flexible Packaging Stand Up Zipper Pouches Dieline 600040
https://yun.baoxiaohe.com/render/20220209/17431140001.jpg?imageView2/2/w/300|imageslim,https://cdn.pacdora.com/image-resize/300xauto_outside/preview/dieline-500010.png,Cans Aluminum Bottles Tin Dieline 500010
https://cdn.pacdora.com/image-resize/300xauto_outside/preview/mockup-160011.jpg,https://cdn.pacdora.com/image-resize/300xauto_outside/preview/dieline-160011.png,Custom Dimensions Corrugated Boxes with Lid Dieline 160011
https://cdn.pacdora.com/image-resize/300xauto_outside/preview/mockup-160160.jpg,https://cdn.pacdora.com/image-resize/300xauto_outside/preview/dieline-160160.png,Custom Dimensions Boxes with Lid Four Folds Dieline 160160
https://cdn.pacdora.com/image-resize/300xauto_outside/preview/mockup-200020.jpg,https://cdn.pacdora.com/image-resize/300xauto_outside/preview/dieline-200020.png,Custom Dimensions Cartons 0202 Dieline 200020
https://cdn.pacdora.com/image-resize/300xauto_outside/render/20220210/17446940001.jpg,https://cdn.pacdora.com/image-resize/300xauto_outside/preview/dieline-600060.png,Flexible Packaging Paper Bags Stand Up Pouches Dieline 600060
https://cdn.pacdora.com/image-resize/300xauto_outside/preview/mockup-128020.jpg,https://cdn.pacdora.com/image-resize/300xauto_outside/preview/dieline-128020.png,Custom Dimensions Tray Boxes Paper Dieline 128020
https://cdn.pacdora.com/image-resize/300xauto_outside/preview/mockup-102680.jpg,https://cdn.pacdora.com/image-resize/300xauto_outside/preview/dieline-102680.png,Custom Dimensions Tuck End Boxes Back Open Dieline 102680
https://cdn.pacdora.com/image-resize/300xauto_outside/preview/mockup-248090.jpg,https://cdn.pacdora.com/image-resize/300xauto_outside/preview/dieline-248090.png,Custom Dimensions Envelopes Buckle Dieline 248090
https://cdn.pacdora.com/image-resize/300xauto_outside/preview/mockup-102020.jpg,https://cdn.pacdora.com/image-resize/300xauto_outside/preview/dieline-102020.png,Custom Dimensions Tuck End Boxes Auto Bottome Snap Lock Dieline 102020
https://yun.baoxiaohe.com/render/20220322/19782730001.jpg?imageView2/2/w/300|imageslim,https://cdn.pacdora.com/image-resize/300xauto_outside/preview/dieline-600700.png,Standing Pouch Bag Packaging Flexible Packaging Dieline 600700
https://cdn.pacdora.com/image-resize/300xauto_outside/preview/mockup-156210.jpg,https://cdn.pacdora.com/image-resize/300xauto_outside/preview/dieline-156210.png,Custom Dimensions Flip Top Boxes Pizza Dieline 156210
https://cdn.pacdora.com/image-resize/300xauto_outside/preview/mockup-180070.jpg,https://cdn.pacdora.com/image-resize/300xauto_outside/preview/dieline-180070.png,Custom Dimensions Trapezoid Shape Business Card Boxes Dieline 180070
https://cdn.pacdora.com/image-resize/300xauto_outside/preview/mockup-151010.jpg,https://cdn.pacdora.com/image-resize/300xauto_outside/preview/dieline-151010.png,Custom Dimensions Hexagonal Flip Top Boxes Flip Top Dieline 151010
https://cdn.pacdora.com/image-resize/300xauto_outside/preview/mockup-310140.jpg,https://cdn.pacdora.com/image-resize/300xauto_outside/preview/dieline-310140.png,Custom Dimensions Inserts/Dividers Supports Dieline 310140
https://cdn.pacdora.com/image-resize/300xauto_outside/preview/mockup-160020.jpg,https://cdn.pacdora.com/image-resize/300xauto_outside/preview/dieline-160020.png,Custom Dimensions Boxes with Lid Hoarding Cartons Dieline 160020
https://cdn.pacdora.com/image-resize/300xauto_outside/preview/mockup-161014.jpg,https://cdn.pacdora.com/image-resize/300xauto_outside/preview/dieline-161014.png,Custom Dimensions Boxes with Lid Double Ears Dieline 161014
https://cdn.pacdora.com/image-resize/300xauto_outside/preview/mockup-151110.jpg,https://cdn.pacdora.com/image-resize/300xauto_outside/preview/dieline-151110.png,Custom Dimensions Double Open Clamshell Boxes Flip Top Dieline 151110
https://cdn.pacdora.com/image-resize/300xauto_outside/preview/mockup-102610.jpg,https://cdn.pacdora.com/image-resize/300xauto_outside/preview/dieline-102610.png,Custom Dimensions Back Open Boxes Double Tray Dieline 102610
https://cdn.pacdora.com/image-resize/300xauto_outside/preview/mockup-100031.jpg,https://cdn.pacdora.com/image-resize/300xauto_outside/preview/dieline-100031.png,Custom Dimensions In-line Boxes Indentation in-line box Dieline 100031
https://cdn.pacdora.com/image-resize/300xauto_outside/preview/mockup-156260.jpg,https://cdn.pacdora.com/image-resize/300xauto_outside/preview/dieline-156260.png,Custom Dimensions Flip Top Boxes Folio Dieline 156260
https://cdn.pacdora.com/image-resize/300xauto_outside/preview/mockup-106031.jpg,https://cdn.pacdora.com/image-resize/300xauto_outside/preview/dieline-106031.png,Custom Dimensions Tuck End Boxes Auto Lock Bottom Dieline 106031
https://cdn.pacdora.com/image-resize/300xauto_outside/preview/mockup-310012.jpg,https://cdn.pacdora.com/image-resize/300xauto_outside/preview/dieline-310012.png,Custom Dimensions Inserts Square Hole Inserts Dieline 310012
https://cdn.pacdora.com/image-resize/300xauto_outside/preview/mockup-112311.jpg,https://cdn.pacdora.com/image-resize/300xauto_outside/preview/dieline-112311.png,Custom Dimensions Gable Box Tuck End Box Variations Dieline 112311
https://cdn.pacdora.com/image-resize/300xauto_outside/preview/mockup-105010.jpg,https://cdn.pacdora.com/image-resize/300xauto_outside/preview/dieline-105010.png,Custom Dimensions Auto Lock Bottom Boxes Business Card Dieline 105010
https://cdn.pacdora.com/image-resize/300xauto_outside/preview/mockup-156111.jpg,https://cdn.pacdora.com/image-resize/300xauto_outside/preview/dieline-156111.png,Custom Dimensions Flip Top Boxes Safety Buckle Double Mortise Lock Flip Dieline 156111
https://cdn.pacdora.com/image-resize/300xauto_outside/preview/mockup-200012.jpg,https://cdn.pacdora.com/image-resize/300xauto_outside/preview/dieline-200012.png,Custom Dimensions Cartons Moving Dieline 200012
https://cdn.pacdora.com/image-resize/300xauto_outside/preview/mockup-100032.jpg,https://cdn.pacdora.com/image-resize/300xauto_outside/preview/dieline-100032.png,Custom Dimensions Lock Insert Boxes Tuck End Dieline 100032
https://cdn.pacdora.com/image-resize/300xauto_outside/preview/mockup-171210.jpg,https://cdn.pacdora.com/image-resize/300xauto_outside/preview/dieline-171210.png,Custom Dimensions Display Boxes/Stands Six Grids Dieline 171210
https://cdn.pacdora.com/image-resize/300xauto_outside/preview/mockup-102012.jpg,https://cdn.pacdora.com/image-resize/300xauto_outside/preview/dieline-102012.png,Custom Dimensions Tuck End Boxes Auto Bottome Snap Lock Dieline 102012
https://cdn.pacdora.com/image-resize/300xauto_outside/preview/mockup-108001.jpg,https://cdn.pacdora.com/image-resize/300xauto_outside/preview/dieline-108001.png,Custom Dimensions Tuck End Boxes Paper Dieline 108001
https://cdn.pacdora.com/image-resize/300xauto_outside/preview/mockup-110051.jpg,https://cdn.pacdora.com/image-resize/300xauto_outside/preview/dieline-110051.png,Custom Dimensions Tuck End Box Variations With Window Dieline 110051
https://cdn.pacdora.com/image-resize/300xauto_outside/render/20220209/17428160001.jpg,https://cdn.pacdora.com/image-resize/300xauto_outside/preview/dieline-500340.png,Plastic Bottles Product Label Dieline 500340
https://cdn.pacdora.com/image-resize/300xauto_outside/preview/mockup-152080.jpg,https://cdn.pacdora.com/image-resize/300xauto_outside/preview/dieline-152080.png,Custom Dimensions Flip Top Boxes Easy Flip Covers Dieline 152080
https://cdn.pacdora.com/image-resize/300xauto_outside/preview/mockup-176030.jpg,https://cdn.pacdora.com/image-resize/300xauto_outside/preview/dieline-176030.png,Custom Dimensions Display Boxes/Stands Dieline 176030
https://cdn.pacdora.com/image-resize/300xauto_outside/preview/mockup-150170.jpg,https://cdn.pacdora.com/image-resize/300xauto_outside/preview/dieline-150170.png,Custom Dimensions Flip Top Boxes Rectangular Inserts Dieline 150170
https://cdn.pacdora.com/image-resize/300xauto_outside/preview/mockup-171380.jpg,https://cdn.pacdora.com/image-resize/300xauto_outside/preview/dieline-171380.png,Custom Dimensions Display Boxes/Stands Backplanes Dieline 171380
https://cdn.pacdora.com/image-resize/300xauto_outside/preview/mockup-171100.jpg,https://cdn.pacdora.com/image-resize/300xauto_outside/preview/dieline-171100.png,Custom Dimensions Bevel Multifunctional Display Box Display Boxes/Stands Dieline 171100
https://cdn.pacdora.com/image-resize/300xauto_outside/preview/mockup-128050.png,https://cdn.pacdora.com/image-resize/300xauto_outside/preview/dieline-128050.png,Custom Dimensions Tray Boxes Lock Inserts Dieline 128050
https://cdn.pacdora.com/image-resize/300xauto_outside/preview/mockup-150018.jpg,https://cdn.pacdora.com/image-resize/300xauto_outside/preview/dieline-150018.png,Custom Dimensions Flip Top Boxes Mailer Dieline 150018
https://cdn.pacdora.com/image-resize/300xauto_outside/preview/mockup-151040.jpg,https://cdn.pacdora.com/image-resize/300xauto_outside/preview/dieline-151040.png,Custom Dimensions Magnet Box Flip Top Boxes Dieline 151040
https://cdn.pacdora.com/image-resize/300xauto_outside/preview/mockup-171020.jpg,https://cdn.pacdora.com/image-resize/300xauto_outside/preview/dieline-171020.png,Custom Dimensions Display Boxes Auto Lock Bottom Display Dieline 171020
https://cdn.pacdora.com/image-resize/300xauto_outside/preview/mockup-171270.png,https://cdn.pacdora.com/image-resize/300xauto_outside/preview/dieline-171270.png,Custom Dimensions Display Boxes/Stands bevel Dieline 171270
https://cdn.pacdora.com/image-resize/300xauto_outside/preview/mockup-171021.jpg,https://cdn.pacdora.com/image-resize/300xauto_outside/preview/dieline-171021.png,Custom Dimensions Display Boxes Large Open Dieline 171021
https://cdn.pacdora.com/image-resize/300xauto_outside/preview/mockup-170020.jpg,https://cdn.pacdora.com/image-resize/300xauto_outside/preview/dieline-170020.png,Custom Dimensions Display Boxes/Stands Hole Dieline 170020
https://cdn.pacdora.com/image-resize/300xauto_outside/preview/mockup-171051.jpg,https://cdn.pacdora.com/image-resize/300xauto_outside/preview/dieline-171051.png,Custom Dimensions Auto Bottome Snap Lock Boxes Display Dieline 171051
https://cdn.pacdora.com/image-resize/300xauto_outside/preview/mockup-171370.jpg,https://cdn.pacdora.com/image-resize/300xauto_outside/preview/dieline-171370.png,Custom Dimensions Beveled Bottom Display Boxes Dieline 171370
https://cdn.pacdora.com/image-resize/300xauto_outside/preview/mockup-175010.jpg,https://cdn.pacdora.com/image-resize/300xauto_outside/preview/dieline-175010.png,Custom Dimensions Three-tier Display Stands Display Boxes/Stands Dieline 175010
https://cdn.pacdora.com/image-resize/300xauto_outside/preview/mockup-171000.jpg,https://cdn.pacdora.com/image-resize/300xauto_outside/preview/dieline-171000.png,Custom Dimensions Beveled Display Boxes Display /Stands Dieline 171000
https://cdn.pacdora.com/image-resize/300xauto_outside/preview/mockup-310290.jpg,https://cdn.pacdora.com/image-resize/300xauto_outside/preview/dieline-310290.png,Custom Dimensions Inserts/Dividers Positive Dieline 310290
https://cdn.pacdora.com/image-resize/300xauto_outside/preview/mockup-310240.jpg,https://cdn.pacdora.com/image-resize/300xauto_outside/preview/dieline-310240.png,Custom Dimensions Inserts/Dividers Four Sides Dieline 310240
https://cdn.pacdora.com/image-resize/300xauto_outside/preview/mockup-310370.jpg,https://cdn.pacdora.com/image-resize/300xauto_outside/preview/dieline-310370.png,Custom Dimensions Inserts/Dividers Dieline 310370
https://cdn.pacdora.com/image-resize/300xauto_outside/preview/mockup-310230.jpg,https://cdn.pacdora.com/image-resize/300xauto_outside/preview/dieline-310230.png,Custom Dimensions Inserts/Dividers Multifunctional Buffers Dieline 310230
https://cdn.pacdora.com/image-resize/300xauto_outside/preview/mockup-100200.jpg,https://cdn.pacdora.com/image-resize/300xauto_outside/preview/dieline-100200.png,Custom Dimensions Tuck End Boxes Snap Lock Dieline 100200
https://cdn.pacdora.com/image-resize/300xauto_outside/preview/mockup-100020.jpg,https://cdn.pacdora.com/image-resize/300xauto_outside/preview/dieline-100020.png,Custom Dimensions Hook Boxes Double-hook Dieline 100020
https://cdn.pacdora.com/image-resize/300xauto_outside/preview/mockup-112370.jpg,https://cdn.pacdora.com/image-resize/300xauto_outside/preview/dieline-112370.png,Custom Dimensions Roof Boxes Suitcases Dieline 112370
https://cdn.pacdora.com/image-resize/300xauto_outside/preview/mockup-112470.jpg,https://cdn.pacdora.com/image-resize/300xauto_outside/preview/dieline-112470.png,Custom Dimensions Auto Bottome Snap Lock Boxes Flat Top Gift Dieline 112470
https://cdn.pacdora.com/image-resize/300xauto_outside/preview/mockup-260030.jpg,https://cdn.pacdora.com/image-resize/300xauto_outside/preview/dieline-260030.png,Custom Dimensions Business Card Hangtags/Cards Dieline 260030
https://cdn.pacdora.com/image-resize/300xauto_outside/preview/mockup-102030.jpg,https://cdn.pacdora.com/image-resize/300xauto_outside/preview/dieline-102030.png,Custom Dimensions Auto Bottome Snap Lock Boxes Insert Dieline 102030
https://cdn.pacdora.com/image-resize/300xauto_outside/preview/mockup-111610.jpg,https://cdn.pacdora.com/image-resize/300xauto_outside/preview/dieline-111610.png,Custom Dimensions Tuck End Box Variations Handle Dieline 111610
https://cdn.pacdora.com/image-resize/300xauto_outside/preview/mockup-100011.jpg,https://cdn.pacdora.com/image-resize/300xauto_outside/preview/dieline-100011.png,Custom Dimensions Double Tray Boxes Double Door with Auto Locks Dieline 100011
https://cdn.pacdora.com/image-resize/300xauto_outside/preview/mockup-100100.jpg,https://cdn.pacdora.com/image-resize/300xauto_outside/preview/dieline-100100.png,Custom Dimensions Tuck End Boxes Double Tray Dieline 100100
https://cdn.pacdora.com/image-resize/300xauto_outside/preview/mockup-100240.jpg,https://cdn.pacdora.com/image-resize/300xauto_outside/preview/dieline-100240.png,Custom Dimensions Tuck End Boxes Pins Dieline 100240
https://cdn.pacdora.com/image-resize/300xauto_outside/preview/mockup-112030.jpg,https://cdn.pacdora.com/image-resize/300xauto_outside/preview/dieline-112030.png,Custom Dimensions Party Favor Box Gift Box Dieline 112030
https://cdn.pacdora.com/image-resize/300xauto_outside/preview/mockup-100012.jpg,https://cdn.pacdora.com/image-resize/300xauto_outside/preview/dieline-100012.png,Custom Dimensions Tuck End Boxes Lock-top Dieline 100012
https://cdn.pacdora.com/image-resize/300xauto_outside/preview/mockup-220020.jpg,https://cdn.pacdora.com/image-resize/300xauto_outside/preview/dieline-220020.png,Custom Dimensions Tote Bags Auto Bottom Tote Dieline 220020
https://cdn.pacdora.com/image-resize/300xauto_outside/preview/mockup-100230.jpg,https://cdn.pacdora.com/image-resize/300xauto_outside/preview/dieline-100230.png,Custom Dimensions Tuck End Boxes Pins Dieline 100230
https://cdn.pacdora.com/image-resize/300xauto_outside/preview/mockup-161013.jpg,https://cdn.pacdora.com/image-resize/300xauto_outside/preview/dieline-161013.png,Custom Dimensions Boxes with Lid Double Ears Dieline 161013
https://cdn.pacdora.com/image-resize/300xauto_outside/preview/mockup-160022.jpg,https://cdn.pacdora.com/image-resize/300xauto_outside/preview/dieline-160022.png,Custom Dimensions Boxes with Lid Corrugated Cartons Dieline 160022
https://cdn.pacdora.com/image-resize/300xauto_outside/preview/mockup-112340.jpg,https://cdn.pacdora.com/image-resize/300xauto_outside/preview/dieline-112340.png,Custom Dimensions Auto Bottome Snap Lock Boxes 123 Bottom Dieline 112340
https://cdn.pacdora.com/image-resize/300xauto_outside/preview/mockup-100101.jpg,https://cdn.pacdora.com/image-resize/300xauto_outside/preview/dieline-100101.png,Custom Dimensions Lock Insert Boxes Nail Buckles Dieline 100101
https://cdn.pacdora.com/image-resize/300xauto_outside/preview/mockup-220041.jpg,https://cdn.pacdora.com/image-resize/300xauto_outside/preview/dieline-220041.png,Custom Dimensions Tote Bags Arc Holes Dieline 220041
https://cdn.pacdora.com/image-resize/300xauto_outside/preview/mockup-100242.jpg,https://cdn.pacdora.com/image-resize/300xauto_outside/preview/dieline-100242.png,Custom Dimensions Tuck End Boxes With Window Dieline 100242
https://cdn.pacdora.com/image-resize/300xauto_outside/preview/mockup-100243.jpg,https://cdn.pacdora.com/image-resize/300xauto_outside/preview/dieline-100243.png,Custom Dimensions Tuck End Boxes Pins Dieline 100243
https://cdn.pacdora.com/image-resize/300xauto_outside/preview/mockup-112371.jpg,https://cdn.pacdora.com/image-resize/300xauto_outside/preview/dieline-112371.png,Custom Dimensions Reverse Lock Boxes Roof Dieline 112371
https://cdn.pacdora.com/image-resize/300xauto_outside/render/20220210/17447530001.jpg,https://cdn.pacdora.com/image-resize/300xauto_outside/preview/dieline-600070.png,Bag Packaging Flexible Packaging Back-seal Organ Bags Dieline 600070
https://cdn.pacdora.com/image-resize/300xauto_outside/render/20211126/b5c82e91-91c9-4eb7-aaa2-c313afa4281c0001.jpg,https://yun.baoxiaohe.com/admin-materials/8585fdc3-11b3-4f1d-a67d-129e12b885ea.png?imageView2/2/w/300|imageslim,Bottles Plastic Product Label Dieline 504330
https://cdn.pacdora.com/image-resize/300xauto_outside/render/20220317/19380310001.jpg,https://yun.baoxiaohe.com/admin-materials/8e123f9e-686e-4571-a8ac-dd369b320a45.png?imageView2/2/w/300|imageslim,Bottles Plastic Product Label Dieline 507140
https://cdn.pacdora.com/image-resize/300xauto_outside/render/20220209/17431980001.jpg,https://cdn.pacdora.com/image-resize/300xauto_outside/preview/dieline-500450.png,Plastic Bottles Product Label Makeup Dieline 500450
https://cdn.pacdora.com/image-resize/300xauto_outside/render/20220902/32334560001.jpg,https://cdn.pacdora.com/image-resize/300xauto_outside/preview/dieline-510200.png,Paper Cup Black Lid Sleeve Dieline 510200
https://cdn.pacdora.com/image-resize/300xauto_outside/render/20210809/888cdcd9-c88c-4bbd-978f-57bab7df3aa60001.jpg,https://yun.baoxiaohe.com/admin-materials/b12fd080-cadb-4374-9ad6-53ffbf06b76b.png?imageView2/2/w/300|imageslim,Bottles Product Label Dieline 501620
https://cdn.pacdora.com/image-resize/300xauto_outside/admin-materials/9ec15109-c610-4ca7-8236-1d68d76c5a49.png,https://cdn.pacdora.com/image-resize/300xauto_outside/preview/dieline-500790.png,Bottles Paper Cups Dieline 500790
https://cdn.pacdora.com/image-resize/300xauto_outside/render/20220418/22273650001.jpg,https://yun.baoxiaohe.com/admin-materials/4f47bfdc-4bfc-4d68-b9ce-9e970eaf8e94.png?imageView2/2/w/300|imageslim,Flexible Packaging Mylar Bag Sachet Dieline 602830
https://cdn.pacdora.com/image-resize/300xauto_outside/render/20210908/53086773-d4c0-4862-a366-e27b3a3c6dfb0001.jpg,https://yun.baoxiaohe.com/admin-materials/e98a8977-2a2d-4c38-81e7-12d9f02d615b.png?imageView2/2/w/300|imageslim,Plastic Boxes Packaging Sleeve Dieline 502260
https://cdn.pacdora.com/image-resize/300xauto_outside/render/20220210/17455880001.jpg,https://cdn.pacdora.com/image-resize/300xauto_outside/preview/dieline-600140.png,Flexible Packaging Paper Bags Eight Sides Sealing Dieline 600140
https://cdn.pacdora.com/image-resize/300xauto_outside/render/20220511/24423610001.jpg,https://cdn.pacdora.com/image-resize/300xauto_outside/preview/dieline-602960.png,Plastic Boxes Flexible Packaging Sleeve Dieline 602960
https://cdn.pacdora.com/image-resize/300xauto_outside/render/20220210/17456540001.jpg,https://cdn.pacdora.com/image-resize/300xauto_outside/preview/dieline-600150.png,Standing Pouch Bag Packaging Flexible Packaging Dieline 600150
https://cdn.pacdora.com/image-resize/300xauto_outside/render/20220210/17467690001.jpg,https://cdn.pacdora.com/image-resize/300xauto_outside/preview/dieline-600340.png,Bag Packaging Flexible Packaging Eight Sides Sealing Plastic Bags Dieline 600340
https://cdn.pacdora.com/image-resize/300xauto_outside/render/20220122/17164200001.jpg,https://yun.baoxiaohe.com/admin-materials/410f6247-4ec1-4e70-83eb-d2763fb4540a.png?imageView2/2/w/300|imageslim,Tote Bags Paper Gift Dieline 610040
https://cdn.pacdora.com/image-resize/300xauto_outside/preview/mockup-150120.png,https://cdn.pacdora.com/image-resize/300xauto_outside/preview/dieline-150120.png,Custom Dimensions Sleeve Box Tuck Front Box Dieline 150120
https://cdn.pacdora.com/image-resize/300xauto_outside/render/20220317/19434610001.jpg,https://yun.baoxiaohe.com/admin-materials/9c871b40-4bed-4465-91ea-30367b24832a.png?imageView2/2/w/300|imageslim,Tote Bags Pape Gift Dieline 610030
https://cdn.pacdora.com/image-resize/300xauto_outside/preview/mockup-128032.jpg,https://cdn.pacdora.com/image-resize/300xauto_outside/preview/dieline-128032.png,Custom Dimensions Tray Boxes Double-layer Envelopes Dieline 128032
https://cdn.pacdora.com/image-resize/300xauto_outside/preview/mockup-128060.jpg,https://cdn.pacdora.com/image-resize/300xauto_outside/preview/dieline-128060.png,Custom Dimensions Tray Boxes Snap-on Dieline 128060
https://cdn.pacdora.com/image-resize/300xauto_outside/preview/mockup-128090.jpg,https://cdn.pacdora.com/image-resize/300xauto_outside/preview/dieline-128090.png,Custom Dimensions Tray Boxes Lock Inserts Dieline 128090
https://cdn.pacdora.com/image-resize/300xauto_outside/preview/mockup-240010.jpg,https://cdn.pacdora.com/image-resize/300xauto_outside/preview/dieline-240010.png,Custom Dimensions Envelopes Cartridge Covers Dieline 240010
https://cdn.pacdora.com/image-resize/300xauto_outside/preview/mockup-170050.jpg,https://cdn.pacdora.com/image-resize/300xauto_outside/preview/dieline-170050.png,Custom Dimensions Display Boxes/Stands Handles Dieline 170050
https://cdn.pacdora.com/image-resize/300xauto_outside/render/20210715/f07bc860-355c-430c-8f6f-3994fd9b66ec0001.jpg,https://yun.baoxiaohe.com/admin-materials/bdd96c53-36a3-41fd-bd58-7442989f2d0c.png?imageView2/2/w/300|imageslim,Plastic Bottles Product Label Dieline 501360
https://cdn.pacdora.com/image-resize/300xauto_outside/preview/mockup-128081.jpg,https://cdn.pacdora.com/image-resize/300xauto_outside/preview/dieline-128081.png,Custom Dimensions Tray Boxes With Window Dieline 128081
https://cdn.pacdora.com/image-resize/300xauto_outside/render/20211125/c140b280-a71c-444c-a586-9be56d23da330001.jpg,https://yun.baoxiaohe.com/admin-materials/ef3c3c5e-faa7-4236-ae07-7bab5393511a.png?imageView2/2/w/300|imageslim,Flexible Packaging Plastic Boxes Sleeve Dieline 602240
https://cdn.pacdora.com/image-resize/300xauto_outside/preview/mockup-240480.jpg,https://cdn.pacdora.com/image-resize/300xauto_outside/preview/dieline-240480.png,Custom Dimensions Sleeves Double-layer Envelopes Dieline 240480
https://cdn.pacdora.com/image-resize/300xauto_outside/render/20220909/32669030001.jpg,https://cdn.pacdora.com/image-resize/300xauto_outside/preview/dieline-603640.png,Frech Fries Box Fast Food Box Dieline 603640
https://cdn.pacdora.com/image-resize/300xauto_outside/preview/mockup-240030.jpg,https://cdn.pacdora.com/image-resize/300xauto_outside/preview/dieline-240030.png,Custom Dimensions Box Covers Trapezoidal Sleeve Boxes Dieline 240030
https://cdn.pacdora.com/image-resize/300xauto_outside/render/20220209/17417870001.jpg,https://cdn.pacdora.com/image-resize/300xauto_outside/preview/dieline-500160.png,Cans Aluminum Cans Round Cans Dieline 500160
https://cdn.pacdora.com/image-resize/300xauto_outside/render/20210630/b599c6d2-16a1-45d9-a697-c8702401595c0001.jpg,https://yun.baoxiaohe.com/admin-materials/2103ed3c-f999-4294-a6b8-fd544ba11a26.png?imageView2/2/w/300|imageslim,Containers Plastic Boxes Food Storage Dieline 501200
https://cdn.pacdora.com/image-resize/300xauto_outside/render/20210818/3d0d2b8e-80e5-4d0d-ac46-4d53a0a664f00001.jpg,https://yun.baoxiaohe.com/admin-materials/9512963a-8bfd-4416-988e-64b36eea51c5.png?imageView2/2/w/300|imageslim,Pouch Flexible Packaging Mylar Bag Dieline 601060
https://cdn.pacdora.com/image-resize/300xauto_outside/glb-preview/593d8ebc-cad1-4dcb-be5f-09f0b81a60940001.jpg,https://cdn.pacdora.com/image-resize/300xauto_outside/preview/dieline-502500.png,Cans Aluminum Cans Cylindrical Cans Dieline 502500
https://cdn.pacdora.com/image-resize/300xauto_outside/preview/mockup-240031.jpg,https://cdn.pacdora.com/image-resize/300xauto_outside/preview/dieline-240031.png,Custom Dimensions Box Covers Open Hole Sleeve Boxes Dieline 240031
https://cdn.pacdora.com/image-resize/300xauto_outside/preview/mockup-240040.jpg,https://cdn.pacdora.com/image-resize/300xauto_outside/preview/dieline-240040.png,Custom Dimensions Envelopes Fast Food Envelopes Dieline 240040
https://cdn.pacdora.com/image-resize/300xauto_outside/render/20220209/17418390001.jpg,https://cdn.pacdora.com/image-resize/300xauto_outside/preview/dieline-500170.png,Aluminum Cans Vacuum Packaging Can Dieline 500170
https://cdn.pacdora.com/image-resize/300xauto_outside/render/20210818/96de7828-c012-4364-b38f-6789b3ac58d50001.jpg,https://yun.baoxiaohe.com/admin-materials/6967b7cf-0cef-49b5-a156-692f626c0414.png?imageView2/2/w/300|imageslim,Flexible Packaging Stand Up Pouches Mylar Bag Dieline 601080
https://cdn.pacdora.com/image-resize/300xauto_outside/render/20210826/a2d0df15-7573-4008-8934-8344c821ef140001.jpg,https://yun.baoxiaohe.com/admin-materials/5e48bd6f-3e8e-47b2-98e7-4c1ab6bdf080.png?imageView2/2/w/300|imageslim,Cans Tin Tin Can Dieline 501970
https://cdn.pacdora.com/image-resize/300xauto_outside/render/20210913/146f36e4-f549-477d-a790-5f4224b399780001.jpg,https://yun.baoxiaohe.com/admin-materials/38179ded-553f-4089-a658-8b62cb3c4007.png?imageView2/2/w/300|imageslim,Flexible Packaging 3-side Sealed Mylar Bag Dieline 601320
https://cdn.pacdora.com/image-resize/300xauto_outside/preview/mockup-315020.jpg,https://cdn.pacdora.com/image-resize/300xauto_outside/preview/dieline-315020.png,Custom Dimensions Regular Pentagon Sleeve Boxes Dieline 315020
https://cdn.pacdora.com/image-resize/300xauto_outside/preview/mockup-315030.jpg,https://cdn.pacdora.com/image-resize/300xauto_outside/preview/dieline-315030.png,Custom Dimensions Regular Hexagon Sleeve Boxes Regular Hexagon Hoarding Dieline 315030
https://cdn.pacdora.com/image-resize/300xauto_outside/render/20220125/17236850001.jpg,https://yun.baoxiaohe.com/admin-materials/faea93d2-4401-4e91-b43c-515317fb4a2c.png?imageView2/2/w/300|imageslim,Bottles Aluminum Cans Tin Dieline 505950
https://cdn.pacdora.com/image-resize/300xauto_outside/render/20220704/29573060001.jpg,https://cdn.pacdora.com/image-resize/300xauto_outside/preview/dieline-601880.png,Flexible Packaging Back sealing bag Mylar Bag Dieline 601880
https://cdn.pacdora.com/image-resize/300xauto_outside/render/20211206/e118ff47-ccfb-4888-9739-2a3c4aa0e0690001.jpg,https://yun.baoxiaohe.com/admin-materials/85d868e0-d315-47fd-9cbd-17de822fbbaa.png?imageView2/2/w/300|imageslim,Flexible Packaging Back sealing bag Mylar Bag Dieline 602280
https://cdn.pacdora.com/image-resize/300xauto_outside/preview/mockup-315040.jpg,https://cdn.pacdora.com/image-resize/300xauto_outside/preview/dieline-315040.png,Custom Dimensions Regular Octagon Sleeve Boxes Regular Octagon Hoarding Dieline 315040
https://cdn.pacdora.com/image-resize/300xauto_outside/render/20220209/17421940001.jpg,https://cdn.pacdora.com/image-resize/300xauto_outside/preview/dieline-500190.png,Aluminum Cans Vacuum Packaging Bottles Dieline 500190
https://cdn.pacdora.com/image-resize/300xauto_outside/render/20210719/c5b35437-7b26-4b0b-a52a-fb50b150073e0001.jpg,https://yun.baoxiaohe.com/admin-materials/3ee3be79-4a93-4698-8584-d1e9c0d28794.png?imageView2/2/w/300|imageslim,Square Jar Dieline 501380
https://cdn.pacdora.com/image-resize/300xauto_outside/render/20220215/17658690001.jpg,https://yun.baoxiaohe.com/admin-materials/8e769c24-8adc-4134-b0b1-24ddd1f0347f.png?imageView2/2/w/300|imageslim,Bottles Aluminum Cans Tin Dieline 506210
https://cdn.pacdora.com/image-resize/300xauto_outside/render/20220520/25466740001.jpg,https://cdn.pacdora.com/image-resize/300xauto_outside/preview/dieline-602930.png,Flexible Packaging Sleeve Food Storage Boxes Dieline 602930
https://cdn.pacdora.com/image-resize/300xauto_outside/render/20220209/17419510001.jpg,https://cdn.pacdora.com/image-resize/300xauto_outside/preview/dieline-500180.png,Bottles Aluminum Cans Tin Dieline 500180
https://cdn.pacdora.com/image-resize/300xauto_outside/preview/mockup-240090.jpg,https://cdn.pacdora.com/image-resize/300xauto_outside/preview/dieline-240090.png,Custom Dimensions Envelopes/Envelope Sleeves Dieline 240090
https://cdn.pacdora.com/image-resize/300xauto_outside/render/20211111/3e7531fb-c64a-4204-8fb8-9de6939927a40001.jpg,https://yun.baoxiaohe.com/admin-materials/e7aaefb8-aca3-488c-bbed-8f3f6b736b7e.png?imageView2/2/w/300|imageslim,Bottles Glass Jars Dieline 504040
https://cdn.pacdora.com/image-resize/300xauto_outside/render/20211111/76fe94af-4f4c-4df1-a2df-68bfa77ab0c00001.jpg,https://yun.baoxiaohe.com/admin-materials/55f1109c-0fb2-4153-bb15-f7ee93616960.png?imageView2/2/w/300|imageslim,Square Jar Plastic Cans Can Dieline 504050
https://cdn.pacdora.com/image-resize/300xauto_outside/preview/mockup-240200.jpg,https://cdn.pacdora.com/image-resize/300xauto_outside/preview/dieline-240200.png,Custom Dimensions Envelopes/Envelope Sleeves Handles Dieline 240200
https://cdn.pacdora.com/image-resize/300xauto_outside/preview/mockup-240230.jpg,https://cdn.pacdora.com/image-resize/300xauto_outside/preview/dieline-240230.png,Custom Dimensions Envelopes/Envelope Sleeves Side Hand-on Dieline 240230
https://cdn.pacdora.com/image-resize/300xauto_outside/render/20210624/7802da1d-809b-4d95-8d58-42fbdc76e37f0001.jpg,https://yun.baoxiaohe.com/admin-materials/cc5014d2-e25f-42e7-be47-40af293874e5.png?imageView2/2/w/300|imageslim,Bottles Aluminum Cans Cylindrical Cans Dieline 501130
https://cdn.pacdora.com/image-resize/300xauto_outside/render/20220509/24196320001.jpg,https://cdn.pacdora.com/image-resize/300xauto_outside/preview/dieline-602970.png,Flexible Packaging Plastic Boxes Sleeve Dieline 602970
https://cdn.pacdora.com/image-resize/300xauto_outside/render/20220310/18913020001.jpg,https://yun.baoxiaohe.com/admin-materials/e1d90b9f-6b04-4b2a-b1b0-a8d82a1aaf6c.png?imageView2/2/w/300|imageslim,Pouch Flexible Packaging Mylar Bag Dieline 602770
https://cdn.pacdora.com/image-resize/300xauto_outside/render/20220221/17915710001.jpg,https://yun.baoxiaohe.com/admin-materials/66761fe5-e934-438a-98ab-0d526777317a.png?imageView2/2/w/300|imageslim,Can Tin Tin Can Dieline 506320
https://cdn.pacdora.com/image-resize/300xauto_outside/render/20211125/e60eef7a-8129-44de-bcc6-0032c5b6c2540001.jpg,https://yun.baoxiaohe.com/admin-materials/079256e4-5bcd-4440-96fc-c960d2c57f9f.png?imageView2/2/w/300|imageslim,Bottles Plastic Cylindrical Dieline 504300
https://cdn.pacdora.com/image-resize/300xauto_outside/render/20220209/17429110001.jpg,https://cdn.pacdora.com/image-resize/300xauto_outside/preview/dieline-500370.png,Aluminum Cans Cylindrical Cans Can Dieline 500370
https://cdn.pacdora.com/image-resize/300xauto_outside/render/20210907/37b68c44-e4ba-44c4-9caa-9163d52e6c920001.jpg,https://yun.baoxiaohe.com/admin-materials/0fb32b44-224b-43aa-a497-3702b8e0c53b.png?imageView2/2/w/300|imageslim,Food Container Food Storage Dieline 502230
https://cdn.pacdora.com/image-resize/300xauto_outside/render/20220209/17420690001.jpg,https://cdn.pacdora.com/image-resize/300xauto_outside/preview/dieline-500200.png,Aluminum Cans Vacuum Packaging Bottles Dieline 500200
https://cdn.pacdora.com/image-resize/300xauto_outside/render/20220511/24424840001.jpg,https://cdn.pacdora.com/image-resize/300xauto_outside/preview/dieline-602980.png,Plastic Boxes Sleeve Flexible Packaging Dieline 602980
https://cdn.pacdora.com/image-resize/300xauto_outside/preview/mockup-121030.jpg,https://cdn.pacdora.com/image-resize/300xauto_outside/preview/dieline-121030.png,Custom Dimensions Tray Boxes Adhesive Dieline 121030
https://cdn.pacdora.com/image-resize/300xauto_outside/preview/mockup-121010.jpg,https://cdn.pacdora.com/image-resize/300xauto_outside/preview/dieline-121010.png,Custom Dimensions Noodle Box Tray Boxes Dieline 121010
https://cdn.pacdora.com/image-resize/300xauto_outside/render/20210902/2e85f9a6-8f70-4f95-a26b-864958042d110001.jpg,https://yun.baoxiaohe.com/admin-materials/354f063d-ccb3-4d35-8710-537c7674c7a6.png?imageView2/2/w/300|imageslim,Bottles Aluminum Cans Tin Dieline 502110
https://cdn.pacdora.com/image-resize/300xauto_outside/preview/mockup-121130.png,https://cdn.pacdora.com/image-resize/300xauto_outside/preview/dieline-121130.png,Custom Dimensions Tray Box Explosion box Dieline 121130
https://cdn.pacdora.com/image-resize/300xauto_outside/render/20220209/17428750001.jpg,https://cdn.pacdora.com/image-resize/300xauto_outside/preview/dieline-500360.png,Cylindrical Aluminum Cans Aluminum Cans Bottles Dieline 500360
https://cdn.pacdora.com/image-resize/300xauto_outside/render/20210927/5c28a6dc-b414-4a9d-9a18-da79b344846f0001.jpg,https://cdn.pacdora.com/image-resize/300xauto_outside/preview/dieline-500810.png,Bottles Aluminum Cans Tin Dieline 500810
https://cdn.pacdora.com/image-resize/300xauto_outside/preview/mockup-152010.jpg,https://cdn.pacdora.com/image-resize/300xauto_outside/preview/dieline-152010.png,Custom Dimensions Adhesive Easy Flip Top Boxes Flip Top Dieline 152010
https://cdn.pacdora.com/image-resize/300xauto_outside/render/20220406/21022030001.jpg,https://yun.baoxiaohe.com/admin-materials/f769c452-562b-44b2-9ce3-d449c3220081.png?imageView2/2/w/300|imageslim,Bottles Aluminum Cans Tin Dieline 507880
https://cdn.pacdora.com/image-resize/300xauto_outside/preview/mockup-152030.jpg,https://cdn.pacdora.com/image-resize/300xauto_outside/preview/dieline-152030.png,Custom Dimensions Adhesive Boxes Flip Top Dieline 152030
https://cdn.pacdora.com/image-resize/300xauto_outside/render/20210803/665ee01f-2bb3-4b25-b332-5eb0b90d40070001.jpg,https://yun.baoxiaohe.com/admin-materials/4365d159-34b2-4fdd-81f0-baa1029d0ad4.png?imageView2/2/w/300|imageslim,Bottles Aluminum Cans Cylindrical Cans Dieline 501110
https://cdn.pacdora.com/image-resize/300xauto_outside/preview/mockup-152031.jpg,https://cdn.pacdora.com/image-resize/300xauto_outside/preview/dieline-152031.png,Custom Dimensions Flip Top Boxes Diagonal lock box Dieline 152031
https://cdn.pacdora.com/image-resize/300xauto_outside/render/20211026/ad9e39bb-f7cf-4eea-a5ff-29f8804f10c50001.jpg,https://yun.baoxiaohe.com/admin-materials/8db2657e-95cf-4058-a228-007cad253a4f.png?imageView2/2/w/300|imageslim,Bottles Aluminum Cans Cylindrical Cans Dieline 503510
https://cdn.pacdora.com/image-resize/300xauto_outside/render/20220518/25217040001.jpg,https://cdn.pacdora.com/image-resize/300xauto_outside/preview/dieline-508660.png,Bottles Cylindrical Cans Aluminum Cans Dieline 508660
https://cdn.pacdora.com/image-resize/300xauto_outside/render/20211110/305e687f-4b00-4d4a-8399-d4ccaf2f0c3d0001.jpg,https://yun.baoxiaohe.com/admin-materials/896623a8-1c0a-40b9-9c30-5ee32682def4.png?imageView2/2/w/300|imageslim,Bottles Aluminum Cans Cylindrical Cans Dieline 503970
https://cdn.pacdora.com/image-resize/300xauto_outside/render/20211111/fc765eac-47cf-4b01-93b5-912bb45049500001.jpg,https://yun.baoxiaohe.com/admin-materials/574ecea1-466b-4c7e-b226-e8fd75317b3d.png?imageView2/2/w/300|imageslim,Bottles Aluminum Cans Cylindrical Cans Dieline 503980
https://cdn.pacdora.com/image-resize/300xauto_outside/render/20220209/17424660001.jpg,https://cdn.pacdora.com/image-resize/300xauto_outside/preview/dieline-500270.png,Glass Bottles Product Label Dieline 500270
https://cdn.pacdora.com/image-resize/300xauto_outside/render/20220209/17413640001.jpg,https://cdn.pacdora.com/image-resize/300xauto_outside/preview/dieline-500130.png,Whiskey Bottles Glass Product Label Dieline 500130
https://cdn.pacdora.com/image-resize/300xauto_outside/render/20211216/14429820001.jpg,https://yun.baoxiaohe.com/admin-materials/314fe286-4625-404c-be8b-ba2a87b85454.png?imageView2/2/w/300|imageslim,Bottles Glass Product Label Dieline 504740
https://cdn.pacdora.com/image-resize/300xauto_outside/render/20220331/20540270001.jpg,https://yun.baoxiaohe.com/admin-materials/67b48415-dde3-4f4c-b6ed-0b9279e620bd.png?imageView2/2/w/300|imageslim,Bottles Glass Product Label Dieline 507530
https://cdn.pacdora.com/image-resize/300xauto_outside/render/20210616/bcd5459e-6246-4cf6-8979-a52d8130c83e0001.jpg,https://yun.baoxiaohe.com/admin-materials/1400e000-bbba-4ace-9f25-9eea8b7d7f3f.png?imageView2/2/w/300|imageslim,Bottles Plastic Product Label Dieline 500940
https://cdn.pacdora.com/image-resize/300xauto_outside/render/20211014/92faeefb-bc36-4b75-9c73-2514b38679440001.jpg,https://cdn.pacdora.com/image-resize/300xauto_outside/preview/dieline-502830.png,Bottles Glass Product Label Dieline 502830
https://cdn.pacdora.com/image-resize/300xauto_outside/render/20211013/135593bb-8137-4368-b685-adca75d638dc0001.jpg,https://yun.baoxiaohe.com/admin-materials/e8f2f5c1-3f20-481d-aea3-6f9f400485bb.png?imageView2/2/w/300|imageslim,Bottles Plastic Product Label Dieline 503000
https://cdn.pacdora.com/image-resize/300xauto_outside/render/20220215/17630120001.jpg,https://yun.baoxiaohe.com/admin-materials/a8fb5528-d383-4682-9695-1ac2be3529b6.png?imageView2/2/w/300|imageslim,Bottles Glass Product Label Dieline 506180
https://cdn.pacdora.com/image-resize/300xauto_outside/render/20220516/25020000001.jpg,https://cdn.pacdora.com/image-resize/300xauto_outside/preview/dieline-508630.png,Bottles Glass Product Label Dieline 508630
https://cdn.pacdora.com/image-resize/300xauto_outside/render/20211011/b03b1793-8f06-4ad3-9cce-eb17686fe77c0001.jpg,https://yun.baoxiaohe.com/admin-materials/7830e9ce-54aa-45ca-bb4c-774c3a7a5848.png?imageView2/2/w/300|imageslim,Bottles Glass Cylindrical Dieline 502850
https://cdn.pacdora.com/image-resize/300xauto_outside/render/20231108/102201280001.jpg,https://cdn.pacdora.com/image-resize/300xauto_outside/model/9a348fcd-ffb3-4055-b021-cc58c1d3d9d2.png,10L Jerry Can Dieline 511600
https://cdn.pacdora.com/image-resize/300xauto_outside/preview/mockup-361010.jpg,https://cdn.pacdora.com/image-resize/300xauto_outside/preview/dieline-361010.png,Custom Dimensions Luxury Box Rigid Box Dieline 361010
https://cdn.pacdora.com/image-resize/300xauto_outside/render/20220317/19434800001.jpg,https://cdn.pacdora.com/image-resize/300xauto_outside/preview/dieline-610020.png,Tote Bags Paper Dieline 610020
https://cdn.pacdora.com/image-resize/300xauto_outside/preview/mockup-360010.jpg,https://cdn.pacdora.com/image-resize/300xauto_outside/preview/dieline-360010.png,Custom Dimensions Box with Lid Luxury Box Dieline 360010
https://cdn.pacdora.com/image-resize/300xauto_outside/preview/mockup-362010.jpg,https://cdn.pacdora.com/image-resize/300xauto_outside/preview/dieline-362010.png,Custom Dimensions Sleeve Drawer Box Dieline 362010
https://cdn.pacdora.com/image-resize/300xauto_outside/preview/mockup-361011.jpg,https://cdn.pacdora.com/image-resize/300xauto_outside/preview/dieline-361011.png,Custom Dimensions Book Box Luxury Box Dieline 361011
https://cdn.pacdora.com/image-resize/300xauto_outside/preview/mockup-360180.jpg,https://cdn.pacdora.com/image-resize/300xauto_outside/preview/dieline-360180.png,Custom Dimensions Box with Lid Book Box Dieline 360180
https://cdn.pacdora.com/image-resize/300xauto_outside/preview/mockup-362011.jpg,https://cdn.pacdora.com/image-resize/300xauto_outside/preview/dieline-362011.png,Custom Dimensions Sleeve Drawer Box Dieline 362011
https://cdn.pacdora.com/image-resize/300xauto_outside/preview/mockup-360011.jpg,https://cdn.pacdora.com/image-resize/300xauto_outside/preview/dieline-360011.png,Custom Dimensions Box with Lid Luxury Box Dieline 360011
https://cdn.pacdora.com/image-resize/300xauto_outside/preview/mockup-362081.jpg,https://cdn.pacdora.com/image-resize/300xauto_outside/preview/dieline-362081.png,Custom Dimensions Double Door Open Luxury Box Dieline 362081
https://cdn.pacdora.com/image-resize/300xauto_outside/preview/mockup-362080.jpg,https://cdn.pacdora.com/image-resize/300xauto_outside/preview/dieline-362080.png,Custom Dimensions Double Door Open Luxury Box Dieline 362080
https://cdn.pacdora.com/image-resize/300xauto_outside/preview/mockup-360090.jpg,https://cdn.pacdora.com/image-resize/300xauto_outside/preview/dieline-360090.png,Custom Dimensions Luxury Box Rigid Box Dieline 360090
https://cdn.pacdora.com/image-resize/300xauto_outside/preview/mockup-360210.jpg,https://cdn.pacdora.com/image-resize/300xauto_outside/preview/dieline-360210.png,Custom Dimensions Long Box Sleeve Dieline 360210
https://cdn.pacdora.com/image-resize/300xauto_outside/preview/mockup-362030.jpg,https://cdn.pacdora.com/image-resize/300xauto_outside/preview/dieline-362030.png,Custom Dimensions Drawer Box Double Door Open Dieline 362030
https://cdn.pacdora.com/image-resize/300xauto_outside/preview/mockup-360110.jpg,https://cdn.pacdora.com/image-resize/300xauto_outside/preview/dieline-360110.png,Custom Dimensions Book Boxes Luxury Box Dieline 360110
https://cdn.pacdora.com/image-resize/300xauto_outside/preview/mockup-366010.jpg,https://cdn.pacdora.com/image-resize/300xauto_outside/preview/dieline-366010.png,Custom Dimensions Box with Lid Luxury Box Dieline 366010
https://cdn.pacdora.com/image-resize/300xauto_outside/preview/mockup-360100.jpg,https://cdn.pacdora.com/image-resize/300xauto_outside/preview/dieline-360100.png,Custom Dimensions Book Box Luxury Box Dieline 360100
https://cdn.pacdora.com/image-resize/300xauto_outside/preview/mockup-360101.jpg,https://cdn.pacdora.com/image-resize/300xauto_outside/preview/dieline-360101.png,Custom Dimensions Book Box Luxury Box Dieline 360101
https://cdn.pacdora.com/image-resize/300xauto_outside/preview/mockup-360130.jpg,https://cdn.pacdora.com/image-resize/300xauto_outside/preview/dieline-360130.png,Custom Dimensions Luxury Box Rigid Box Dieline 360130
https://cdn.pacdora.com/image-resize/300xauto_outside/render/20220210/17443360001.jpg,https://cdn.pacdora.com/image-resize/300xauto_outside/preview/dieline-600010.png,Standing Pouch 3-side Sealed Mylar Bag Dieline 600010
https://cdn.pacdora.com/image-resize/300xauto_outside/preview/mockup-366011.jpg,https://cdn.pacdora.com/image-resize/300xauto_outside/preview/dieline-366011.png,Custom Dimensions Box with Lid Luxury Box Dieline 366011
https://cdn.pacdora.com/image-resize/300xauto_outside/preview/mockup-360120.jpg,https://cdn.pacdora.com/image-resize/300xauto_outside/preview/dieline-360120.png,Custom Dimensions Shoulder Box Neck Box Dieline 360120
https://cdn.pacdora.com/image-resize/300xauto_outside/preview/mockup-362110.jpg,https://cdn.pacdora.com/image-resize/300xauto_outside/preview/dieline-362110.png,Custom Dimensions Tall Box Bottle Box with Snap Cover Dieline 362110
https://cdn.pacdora.com/image-resize/300xauto_outside/preview/mockup-366012.jpg,https://cdn.pacdora.com/image-resize/300xauto_outside/preview/dieline-366012.png,Custom Dimensions Box with Lid Luxury Box Dieline 366012
https://yun.baoxiaohe.com/render/20210519/8dd6f5ee-09d9-491d-a28f-5932fc3ccc750001.jpg?imageView2/2/w/300|imageslim,https://cdn.pacdora.com/image-resize/300xauto_outside/preview/dieline-500021.png,Paper Cups Dieline 500021
https://cdn.pacdora.com/image-resize/300xauto_outside/render/20220209/17414430001.jpg,https://cdn.pacdora.com/image-resize/300xauto_outside/preview/dieline-500081.png,Bottles Ceramic Product Label Dieline 500081
https://cdn.pacdora.com/image-resize/300xauto_outside/render/20220923/33378260001.jpg,https://cdn.pacdora.com/image-resize/300xauto_outside/preview/dieline-510030.png,Packaging Can Aluminum Cans Dieline 510030
https://cdn.pacdora.com/image-resize/300xauto_outside/render/20220210/17457380001.jpg,https://cdn.pacdora.com/image-resize/300xauto_outside/preview/dieline-600170.png,Face Cloth Napskin Wet Wipe Dieline 600170
https://cdn.pacdora.com/image-resize/300xauto_outside/render/20220121/17131330001.jpg,https://cdn.pacdora.com/image-resize/300xauto_outside/preview/dieline-600410.png,Spout Pouch Mylar Bag Dieline 600410
https://cdn.pacdora.com/image-resize/300xauto_outside/render/20220210/17452070001.jpg,https://cdn.pacdora.com/image-resize/300xauto_outside/preview/dieline-600110.png,Flexible Packaging Back sealing bag Mylar Bag Dieline 600110
https://cdn.pacdora.com/image-resize/300xauto_outside/render/20220222/17949190001.jpg,https://cdn.pacdora.com/image-resize/300xauto_outside/preview/dieline-500800.png,Bottles Aluminum Cans Tin Dieline 500800
https://cdn.pacdora.com/image-resize/300xauto_outside/preview/mockup-128024.png,https://cdn.pacdora.com/image-resize/300xauto_outside/preview/dieline-128024.png,Custom Dimensions Packaging Drawer Box Dieline 128024
https://cdn.pacdora.com/image-resize/300xauto_outside/render/20220210/17452750001.jpg,https://cdn.pacdora.com/image-resize/300xauto_outside/preview/dieline-600090.png,Flexible Packaging 3-side Sealed Pouches & Bags Mylar Bag Dieline 600090
https://cdn.pacdora.com/image-resize/300xauto_outside/render/20220122/17164450001.jpg,https://yun.baoxiaohe.com/admin-materials/1f9b46b9-bbfd-49f7-9f21-6fea7dc0b7e7.png?imageView2/2/w/300|imageslim,Tote Bags Paper Bag Gift Dieline 610060
https://yun.baoxiaohe.com/render/20220122/17164650001.jpg?imageView2/2/w/300|imageslim,https://cdn.pacdora.com/image-resize/300xauto_outside/preview/dieline-600350.png,Tote Bags Dieline 600350
https://cdn.pacdora.com/image-resize/300xauto_outside/render/20220210/17468200001.jpg,https://cdn.pacdora.com/image-resize/300xauto_outside/preview/dieline-600380.png,Flexible Packaging Chocolate Bar Wrapper Mylar Bag Dieline 600380
https://cdn.pacdora.com/image-resize/300xauto_outside/render/20220209/17408200001.jpg,https://cdn.pacdora.com/image-resize/300xauto_outside/preview/dieline-500030.png,Bottles Cylindrical Cans Plastic Jars Dieline 500030
https://yun.baoxiaohe.com/render/20220210/17447360001.jpg?imageView2/2/w/300|imageslim,https://cdn.pacdora.com/image-resize/300xauto_outside/preview/dieline-600050.png,Flexible Packaging Stand Up Pouches Mylar Bag Dieline 600050
https://cdn.pacdora.com/image-resize/300xauto_outside/render/20220209/17408160001.jpg,https://cdn.pacdora.com/image-resize/300xauto_outside/preview/dieline-500040.png,Plastic Bottles Product Label Dieline 500040
https://cdn.pacdora.com/image-resize/300xauto_outside/preview/mockup-160023.png,https://cdn.pacdora.com/image-resize/300xauto_outside/preview/dieline-160023.png,Custom Dimensions Packaging Boxes With Lid Dieline 160023
https://cdn.pacdora.com/image-resize/300xauto_outside/preview/mockup-362111.jpg,https://cdn.pacdora.com/image-resize/300xauto_outside/preview/dieline-362111.png,Custom Dimensions Tall Box Bottle Box Dieline 362111
https://cdn.pacdora.com/image-resize/300xauto_outside/preview/mockup-361030.png,https://cdn.pacdora.com/image-resize/300xauto_outside/preview/dieline-361030.png,null Dieline 361030
https://cdn.pacdora.com/image-resize/300xauto_outside/preview/mockup-161080.jpg,https://cdn.pacdora.com/image-resize/300xauto_outside/preview/dieline-161080.png,Custom Dimensions Boxes with Lid Paper Dieline 161080
https://cdn.pacdora.com/image-resize/300xauto_outside/preview/mockup-102018.jpg,https://cdn.pacdora.com/image-resize/300xauto_outside/preview/dieline-102018.png,Custom Dimensions Tuck End Boxes Easy Dieline 102018
https://cdn.pacdora.com/image-resize/300xauto_outside/preview/mockup-112341.jpg,https://cdn.pacdora.com/image-resize/300xauto_outside/preview/dieline-112341.png,Custom Dimensions Carrying Cases Snap Lock Boxes Dieline 112341
https://cdn.pacdora.com/image-resize/300xauto_outside/preview/mockup-160163.jpg,https://cdn.pacdora.com/image-resize/300xauto_outside/preview/dieline-160163.png,Custom Dimensions Packaging Boxes With Lid Dieline 160163
https://cdn.pacdora.com/image-resize/300xauto_outside/preview/mockup-100241.jpg,https://cdn.pacdora.com/image-resize/300xauto_outside/preview/dieline-100241.png,Custom Dimensions Tuck End Boxes Pins Dieline 100241
https://cdn.pacdora.com/image-resize/300xauto_outside/preview/mockup-204010.jpg,https://cdn.pacdora.com/image-resize/300xauto_outside/preview/dieline-204010.png,Custom Dimensions Cartons Suitcases Dieline 204010
https://cdn.pacdora.com/image-resize/300xauto_outside/preview/mockup-310013.jpg,https://cdn.pacdora.com/image-resize/300xauto_outside/preview/dieline-310013.png,Custom Dimensions Square Hole Inserts Inserts Dieline 310013
https://cdn.pacdora.com/image-resize/300xauto_outside/preview/mockup-100060.jpg,https://cdn.pacdora.com/image-resize/300xauto_outside/preview/dieline-100060.png,Custom Dimensions Tuck End Boxes Reverse Mortise Lock Dieline 100060
https://cdn.pacdora.com/image-resize/300xauto_outside/render/20220630/29384590001.jpg,https://cdn.pacdora.com/image-resize/300xauto_outside/preview/dieline-603260.png,Packaging Flexible Packaging Disposable Paper Cup Dieline 603260
https://cdn.pacdora.com/image-resize/300xauto_outside/render/20220122/17164340001.jpg,https://yun.baoxiaohe.com/admin-materials/d8341f3b-d0b7-4af4-b308-6c4b98208629.png?imageView2/2/w/300|imageslim,Tote Bag Gift Paper Bags Dieline 610050
https://cdn.pacdora.com/image-resize/300xauto_outside/render/20220121/17130960001.jpg,https://cdn.pacdora.com/image-resize/300xauto_outside/preview/dieline-600430.png,Flexible Packaging Mylar Bag Dieline 600430
https://cdn.pacdora.com/image-resize/300xauto_outside/render/20210617/1a26ee20-9faf-4875-a687-12c8b9ec16100001.jpg,https://cdn.pacdora.com/image-resize/300xauto_outside/preview/dieline-500020.png,Paper Cups Dieline 500020
https://cdn.pacdora.com/image-resize/300xauto_outside/preview/mockup-100250.jpg,https://cdn.pacdora.com/image-resize/300xauto_outside/preview/dieline-100250.png,Custom Dimensions Tuck End Boxes Pins Dieline 100250
